time,pos_actual_yaw,vel_actual_yaw,accel_control_yaw,pos_goal_yaw,vel_goal_yaw,pos_predicted_yaw,vel_predicted_yaw,iterations_yaw,pos_actual_pitch,vel_actual_pitch,accel_control_pitch,pos_goal_pitch,vel_goal_pitch,pos_predicted_pitch,vel_predicted_pitch,iterations_pitch,shoot_flag,solve_time_ms
0,0,0,-60,-0.71288,1.57181,-0.0447777,-5.97036,10,0,0,38.5581,0.0184514,0.0259415,0.00433779,0.578371,10,0,0.333
0.005,-0.00075,-0.3,-60,-0.701864,1.62812,-0.0351326,-4.28434,10,0.000481976,0.19279,25.0994,0.0185655,0.0259295,0.00619751,0.569281,10,0,0.297
0.01,-0.003,-0.6,-60,-0.690581,1.68057,-0.0350734,-3.67646,10,0.00175967,0.318287,14.4018,0.0186997,0.0259167,0.00815418,0.534314,10,0,0.269
0.015,-0.00675,-0.9,-60,-0.679054,1.7291,-0.0371831,-3.15775,10,0.00353113,0.390296,6.21925,0.0188539,0.0259029,0.0100852,0.483585,10,0,0.128
0.02,-0.012,-1.2,-60,-0.667301,1.77365,-0.0442366,-3.09821,10,0.00556035,0.421392,0.236775,0.0190283,0.0258883,0.0119079,0.424944,10,0,0.124
0.025,-0.01875,-1.5,-60,-0.655343,1.81419,-0.0528127,-3.04169,10,0.00767027,0.422576,-3.88726,0.0192226,0.0258728,0.0135716,0.364267,10,0,0.115
0.03,-0.027,-1.8,-60,-0.643198,1.85065,-0.0647586,-3.23448,10,0.00973456,0.40314,-3.13755,0.0194365,0.0258563,0.0154287,0.356077,10,0,0.146
0.035,-0.03675,-2.1,-60,-0.630887,1.88301,-0.0769418,-3.25891,10,0.011711,0.387452,-5.71496,0.0196696,0.0258389,0.0168799,0.301728,10,0,0.147
0.04,-0.048,-2.4,-60,-0.618427,1.91123,-0.0892156,-3.09541,10,0.0135769,0.358877,-7.15286,0.0199214,0.0258206,0.0181553,0.251585,10,0,0.224
0.045,-0.06075,-2.7,-60,-0.605837,1.93526,-0.106347,-3.37965,10,0.0152818,0.323113,-4.58831,0.0201912,0.0258013,0.0196124,0.254288,10,0,0.207
0.05,-0.075,-3,-60,-0.593136,1.95509,-0.122093,-3.2791,10,0.0168401,0.300172,-5.61858,0.0204781,0.0257811,0.0207105,0.215893,10,0,0.072
0.055,-0.09075,-3.3,-60,-0.58034,1.97069,-0.13963,-3.21738,10,0.0182707,0.272079,-5.99612,0.0207814,0.0257599,0.0216773,0.182137,10,0,0.072
0.06,-0.108,-3.6,-60,-0.567469,1.98204,-0.163229,-3.76388,10,0.0195561,0.242098,-6.00808,0.0211,0.0257377,0.0225117,0.151977,10,0,0.093
0.065,-0.12675,-3.9,-60,-0.554539,1.98912,-0.183565,-3.67529,10,0.0206915,0.212058,-5.56379,0.021433,0.0257146,0.0232465,0.128601,10,0,0.112
0.07,-0.147,-4.2,-60,-0.541569,1.99192,-0.205748,-3.63309,10,0.0216823,0.184239,-4.92988,0.0217791,0.0256905,0.0238912,0.110291,10,1,0.076
0.075,-0.16875,-4.5,-60,-0.528575,1.99042,-0.234146,-4.21948,10,0.0225418,0.159589,-17.2404,0.0221374,0.0256654,0.0229961,-0.0990165,10,1,0.075
0.08,-0.192,-4.8,-60,-0.515577,1.98463,-0.257912,-3.98825,10,0.0231243,0.0733874,-11.9462,0.0225068,0.0256393,0.0228811,-0.105806,10,1,0.076
0.085,-0.21675,-5.1,-60,-0.50259,1.97453,-0.284536,-3.93819,10,0.0233419,0.0136564,-7.59675,0.0228859,0.0256122,0.0226921,-0.100295,10,1,0.075
0.09,-0.243,-5.4,-60,-0.489634,1.96013,-0.319325,-4.7767,10,0.0233152,-0.0243273,-42.9563,0.0232739,0.025584,0.0181177,-0.668672,10,1,0.075
0.095,-0.27075,-5.7,-60,-0.476727,1.94143,-0.35148,-5.06396,10,0.0226566,-0.239109,-26.7759,0.0236695,0.0255549,0.0160577,-0.640748,10,1,0.075
0.1,-0.3,-6,60,-0.463886,1.91844,-0.379167,-4.55563,10,0.0211264,-0.372989,-14.0321,0.0240717,0.0255247,0.0139529,-0.58347,10,1,0.1
0.105,-0.32925,-5.7,60,-0.45113,1.89117,-0.401848,-3.97968,10,0.019086,-0.443149,-4.37657,0.0244796,0.0254934,0.0119464,-0.508798,10,0,0.091
0.11,-0.357,-5.4,60,-0.438479,1.85963,-0.427318,-3.97575,10,0.0168156,-0.465032,-62.3727,0.0248922,0.0254611,0.00282316,-1.40062,10,0,0.075
0.115,-0.38325,-5.1,60,-0.425951,1.82385,-0.447498,-3.4664,10,0.0137108,-0.776895,-34.9365,0.0253086,0.0254277,-0.00187304,-1.30094,10,0,0.089
0.12,-0.408,-4.8,60,-0.413566,1.78385,-0.467363,-3.11511,10,0.00938957,-0.951578,-13.8719,0.025728,0.0253933,-0.0064447,-1.15966,10,0,0.073
0.125,-0.43125,-4.5,60,-0.401344,1.73964,-0.486814,-2.90858,10,0.00445828,-1.02094,-35.5616,0.0261498,0.0253578,-0.0148565,-1.55436,10,0,0.074
0.13,-0.453,-4.2,60,-0.389306,1.69128,-0.503536,-2.53819,10,-0.00109093,-1.19875,-11.8555,0.0265731,0.0253212,-0.0204059,-1.37658,10,0,0.075
0.135,-0.47325,-3.9,60,-0.377567,2.06434,-0.519523,-2.26972,10,-0.00723285,-1.25802,5.37508,0.026997,-0.00395555,-0.0254985,-1.1774,10,0,0.074
0.14,-0.492,-3.6,60,-0.616848,2.19998,-0.533962,-1.99492,10,-0.0134558,-1.23115,17.1284,-0.0388788,-0.00411946,-0.0299961,-0.974222,10,0,0.073
0.145,-0.50925,-3.3,60,-0.607334,2.28178,-0.546701,-1.6935,10,-0.0193974,-1.14551,24.4385,-0.039235,-0.00428463,-0.0338307,-0.778929,10,0,0.117
0.15,-0.525,-3,60,-0.597589,2.35783,-0.558487,-1.46488,10,-0.0248195,-1.02331,28.2615,-0.0395557,-0.00445108,-0.0369897,-0.599392,10,0,0.074
0.155,-0.53925,-2.7,60,-0.587629,2.42802,-0.569026,-1.27014,10,-0.0295828,-0.882006,29.4547,-0.0398381,-0.00461878,-0.0394992,-0.440186,10,0,0.074
0.16,-0.552,-2.4,60,-0.577472,2.49226,-0.577648,-1.0197,10,-0.0336246,-0.734733,28.7591,-0.0400797,-0.00478776,-0.0414102,-0.303347,10,0,0.074
0.165,-0.56325,-2.1,60,-0.567136,2.55046,-0.585715,-0.895276,10,-0.0369388,-0.590937,23.2944,-0.0402781,-0.00495801,-0.0431822,-0.241521,10,0,0.074
0.17,-0.573,-1.8,60,-0.556639,2.60252,-0.591161,-0.621404,10,-0.0396023,-0.474465,21.8528,-0.0404311,-0.00512952,-0.0442608,-0.146673,10,0,0.074
0.175,-0.58125,-1.5,60,-0.545996,2.64838,-0.595092,-0.345573,10,-0.0417015,-0.365201,19.7562,-0.0405367,-0.0053023,-0.0449569,-0.0688585,10,0,0.073
0.18,-0.588,-1.2,60,-0.535226,2.68798,-0.597647,-0.0862302,10,-0.0432805,-0.26642,17.321,-0.0405932,-0.00547636,-0.0453282,-0.00660473,10,0,0.074
0.185,-0.59325,-0.9,60,-0.524345,2.72125,-0.60132,-0.17605,10,-0.0443961,-0.179815,11.5341,-0.0405991,-0.00565168,-0.0457957,-0.00680387,10,1,0.074
0.19,-0.597,-0.6,60,-0.513369,2.74815,-0.600829,0.0894257,10,-0.045151,-0.122145,10.2723,-0.0405533,-0.00582827,-0.0458275,0.0319403,10,1,0.073
0.195,-0.59925,-0.3,60,-0.502316,2.76864,-0.598909,0.345457,10,-0.0456333,-0.070783,8.93705,-0.0404548,-0.00600614,-0.0456896,0.0632727,10,1,0.072
0.2,-0.6,-3.33067e-16,60,-0.491202,2.78267,-0.599691,0.0412429,10,-0.0458755,-0.0260978,7.73127,-0.0403032,-0.00618527,-0.0453972,0.0898713,10,1,0.074
0.205,-0.59925,0.3,60,-0.480043,2.79023,-0.594326,0.356562,10,-0.0459094,0.0125586,6.46286,-0.0400983,-0.00636567,-0.0449939,0.109501,9,1,0.072
0.21,-0.597,0.6,60,-0.468856,2.79129,-0.587482,0.669118,10,-0.0457658,0.0448728,5.32243,-0.0398403,-0.00654733,-0.0444939,0.124709,10,1,0.094
0.215,-0.59325,0.9,60,-0.457658,2.78584,-0.584331,0.289169,10,-0.0454749,0.071485,17.9411,-0.0395296,-0.00673026,-0.0423842,0.340602,10,1,0.125
0.22,-0.588,1.2,60,-0.446465,2.77387,-0.573477,0.736383,10,-0.0448932,0.161191,12.0721,-0.0391671,-0.00691446,-0.0411172,0.342272,10,1,0.145
0.225,-0.58125,1.5,60,-0.435294,2.75538,-0.560142,1.31436,10,-0.0439363,0.221551,7.41323,-0.0387539,-0.00709992,-0.0397791,0.332749,10,1,0.072
0.23,-0.573,1.8,60,-0.424162,2.73038,-0.552012,0.998438,10,-0.0427359,0.258617,44.4862,-0.0382915,-0.00728664,-0.033852,0.925911,10,1,0.072
0.235,-0.56325,2.1,60,-0.413085,2.69888,-0.529799,2.3601,10,-0.0408868,0.481048,26.8658,-0.0377817,-0.00747462,-0.0306486,0.884036,10,1,0.072
0.24,-0.552,2.4,-7.02829,-0.402081,2.66092,-0.516791,2.29458,10,-0.0381457,0.615378,13.2076,-0.0372265,-0.00766386,-0.0274292,0.813492,10,1,0.072
0.245,-0.540088,2.36486,-60,-0.391167,2.61651,-0.514001,1.11344,10,-0.0349037,0.681416,70.405,-0.0366282,-0.00785435,-0.0167619,1.73749,10,1,0.072
0.25,-0.529014,2.06486,-60,-0.380361,2.56569,-0.50494,1.14501,10,-0.0306166,1.03344,38.4196,-0.0359894,-0.0080461,-0.0107928,1.60974,10,1,0.072
0.255,-0.519439,1.76486,-60,-0.369679,2.50851,-0.498542,1.02148,10,-0.0249691,1.22554,14.1094,-0.0353126,-0.0082391,-0.00499873,1.43718,10,1,0.103
0.26,-0.511365,1.46486,-60,-0.359142,2.44503,-0.496353,0.536793,10,-0.0186651,1.29609,35.1158,-0.0346007,-0.00843335,0.00472676,1.82282,10,0,0.072
0.265,-0.504791,1.16486,-60,-0.348714,1.88432,-0.493686,0.315757,10,-0.0117457,1.47167,8.90209,-0.0338545,0.0238927,0.0113308,1.6052,10,0,0.073
0.27,-0.499716,0.864859,-60,-0.33852,1.82867,-0.492588,0.0856049,10,-0.00427608,1.51618,-9.77923,-0.0330812,0.0238225,0.0173664,1.36949,10,0,0.072
0.275,-0.496142,0.564859,-11.0959,-0.585794,1.69145,-0.488918,0.398421,10,0.00318256,1.46728,-22.1815,0.0368494,0.0237509,0.0226963,1.13456,10,0,0.072
0.28,-0.493457,0.509379,11.7698,-0.573799,1.75064,-0.484492,0.685927,10,0.0102417,1.35637,-29.5395,0.0372611,0.0236781,0.0272641,0.913279,10,0,0.129
0.285,-0.490762,0.568228,25.0853,-0.561534,1.80579,-0.479417,0.944507,10,0.0166543,1.20867,-32.9914,0.0376858,0.0236039,0.0310729,0.713804,10,0,0.138
0.29,-0.487608,0.693655,42.0061,-0.54902,1.85684,-0.472477,1.32375,10,0.0222853,1.04372,-33.5449,0.0381219,0.0235285,0.0341672,0.540544,10,0,0.098
0.295,-0.483614,0.903685,46.0867,-0.536278,1.90373,-0.464874,1.59498,10,0.0270846,0.875993,-32.0609,0.0385677,0.0234517,0.0366176,0.39508,10,0,0.072
0.3,-0.47852,1.13412,46.405,-0.523328,1.94643,-0.456288,1.83019,10,0.0310638,0.715689,-29.2503,0.0390213,0.0233735,0.0385084,0.276934,10,0,0.152
0.305,-0.472269,1.36614,60,-0.510191,1.98488,-0.44501,2.26838,10,0.0342766,0.569437,-21.9988,0.0394808,0.023294,0.0403433,0.239455,10,0,0.152
0.31,-0.464689,1.66614,55.6192,-0.496885,2.01906,-0.433439,2.50043,10,0.0368488,0.459443,-19.4075,0.0399439,0.0232132,0.0415571,0.168331,10,0,0.294
0.315,-0.455663,1.94424,48.2133,-0.48343,2.04892,-0.421075,2.66744,10,0.0389034,0.362406,-16.5485,0.0404085,0.0231311,0.0424778,0.114178,10,0,0.202
0.32,-0.445339,2.18531,27.4261,-0.469844,2.07443,-0.409474,2.5967,10,0.0405086,0.279663,-10.2265,0.0408724,0.0230475,0.043553,0.126266,10,1,0.263
0.325,-0.434069,2.32244,18.7507,-0.456145,2.09558,-0.397123,2.6037,10,0.0417791,0.228531,-8.7121,0.0413335,0.0229626,0.0442269,0.0978493,10,1,0.257
0.33,-0.422223,2.41619,12.6554,-0.442353,2.11233,-0.384556,2.60602,10,0.0428128,0.18497,-7.20539,0.0417894,0.0228764,0.0447768,0.0768894,10,1,0.248
0.335,-0.409984,2.47947,-57.9116,-0.428484,2.12467,-0.379307,1.61079,10,0.0436476,0.148943,-5.90591,0.0422383,0.0227888,0.0452173,0.0603546,10,1,0.227
0.34,-0.39831,2.18991,-32.425,-0.414556,2.13258,-0.369109,1.70353,10,0.0443185,0.119414,-4.59861,0.042678,0.0226998,0.0455923,0.0504346,10,1,0.304
0.345,-0.387766,2.02778,-17.2455,-0.400588,2.13604,-0.359289,1.7691,10,0.0448581,0.0964207,-3.4696,0.0431069,0.0226094,0.045914,0.0443767,10,1,0.265
0.35,-0.377843,1.94156,-60,-0.386597,2.13506,-0.357403,0.783704,10,0.0452968,0.0790727,-16.8574,0.0435232,0.0225176,0.0445864,-0.173788,10,1,0.274
0.355,-0.368885,1.64156,-60,-0.3726,2.12962,-0.350819,0.767195,10,0.0454814,-0.00521415,-11.0141,0.0439257,0.0224245,0.0441642,-0.170425,10,1,0.312
0.36,-0.361427,1.34156,-52.4446,-0.358616,2.11973,-0.346185,0.690692,10,0.0453177,-0.0602846,-6.37705,0.0443132,0.02233,0.043696,-0.15594,10,1,0.218
0.365,-0.355375,1.07933,-2.96548,-0.344663,2.10538,-0.339518,1.03485,10,0.0449366,-0.0921698,-2.83041,0.0446848,0.0222341,0.0432356,-0.134626,10,1,0.292
0.37,-0.350015,1.06451,-60,-0.330758,2.08657,-0.34305,-0.135762,10,0.0444403,-0.106322,-43.2218,0.0450398,0.0221367,0.0379831,-0.754649,10,1,0.194
0.375,-0.345443,0.764506,-60,-0.316919,2.06332,-0.340216,-0.0676213,10,0.0433685,-0.322431,-26.1411,0.045378,0.022038,0.0355911,-0.714547,10,1,0.195
0.38,-0.34237,0.464506,-60,-0.303167,2.03564,-0.339941,-0.14066,10,0.0414295,-0.453136,-12.8338,0.0456991,0.0219379,0.0331887,-0.645644,10,1,0.218
0.385,-0.340798,0.164506,-60,-0.289518,2.00354,-0.346549,-0.931295,10,0.0390034,-0.517305,-73.9502,0.0460033,0.0218363,0.0229245,-1.62656,10,1,0.171
0.39,-0.340725,-0.135494,-60,-0.275993,1.96703,-0.349072,-0.977485,10,0.0354925,-0.887056,-41.5928,0.0462911,0.0217334,0.0175075,-1.51095,10,1,0.266
0.395,-0.342153,-0.435494,-60,-0.26264,2.43799,-0.354606,-1.22496,10,0.0305373,-1.09502,-16.7567,0.0465632,-0.0141328,0.0122269,-1.34637,10,0,0.221
0.4,-0.34508,-0.735494,-60,-0.24942,2.37601,-0.361765,-1.48919,10,0.0248528,-1.1788,-39.2029,0.0468199,-0.0143598,0.00276039,-1.76685,10,0,0.152
0.405,-0.349508,-1.03549,-1.86742,-0.236384,2.30811,-0.36525,-1.06351,10,0.0184687,-1.37482,-12.1081,0.0470623,-0.0145879,-0.00351572,-1.55644,10,0,0.108
0.41,-0.354708,-1.04483,26.4781,-0.223555,2.23433,-0.367402,-0.647659,10,0.0114433,-1.43536,7.46904,0.0472916,-0.0148171,-0.00924685,-1.32332,10,0,0.072
0.415,-0.359602,-0.91244,36.0784,-0.476792,2.34033,-0.369229,-0.371265,10,0.00435984,-1.39801,20.7287,-0.0251343,-0.0150473,-0.0142784,-1.08708,10,0,0.072
0.42,-0.363713,-0.732048,43.1147,-0.466486,2.42689,-0.369843,-0.0853284,10,-0.00237112,-1.29437,28.8683,-0.0253347,-0.0152786,-0.018539,-0.861346,10,0,0.072
0.425,-0.366834,-0.516475,47.1132,-0.455941,2.50741,-0.369281,0.190223,10,-0.00848212,-1.15003,33.004,-0.0255035,-0.0155109,-0.0220196,-0.654969,10,0,0.072
0.43,-0.368828,-0.280909,60,-0.445177,2.5818,-0.366621,0.575074,10,-0.0138197,-0.985009,34.1328,-0.0256386,-0.0157441,-0.0247549,-0.473017,10,0,0.072
0.435,-0.369482,0.0190908,57.6113,-0.434211,2.64995,-0.362714,0.88326,10,-0.0183181,-0.814345,33.1138,-0.0257379,-0.0159784,-0.026808,-0.317638,10,0,0.072
0.44,-0.368666,0.307147,57.2876,-0.423063,2.71179,-0.357614,1.16646,10,-0.0219759,-0.648776,30.6621,-0.0257997,-0.0162137,-0.0282581,-0.188845,10,0,0.072
0.445,-0.366415,0.593585,60,-0.411749,2.76723,-0.350602,1.51481,10,-0.0248365,-0.495465,23.5412,-0.0258222,-0.0164499,-0.0296201,-0.142347,10,0,0.073
0.45,-0.362697,0.893585,60,-0.400288,2.81621,-0.342494,1.80016,10,-0.0270196,-0.377759,21.2109,-0.0258041,-0.0166871,-0.0302997,-0.0595965,10,0,0.073
0.455,-0.357479,1.19359,60,-0.388696,2.85865,-0.332888,2.08524,10,-0.0286432,-0.271705,18.5125,-0.025744,-0.0169252,-0.0306361,0.00598221,10,0,0.072
0.46,-0.350761,1.49359,45.1444,-0.376992,2.89452,-0.323278,2.17075,10,-0.0297703,-0.179143,12.1385,-0.025641,-0.0171643,-0.0310919,0.00293525,10,0,0.072
0.465,-0.342729,1.71931,30.9069,-0.365192,2.92375,-0.313462,2.18291,10,-0.0305143,-0.11845,10.7146,-0.0254943,-0.0174042,-0.0310857,0.0422691,10,0,0.071
0.47,-0.333746,1.87384,23.0444,-0.353313,2.94632,-0.303046,2.21951,10,-0.0309726,-0.064877,9.22173,-0.0253035,-0.0176451,-0.0309084,0.073449,9,0,0.071
0.475,-0.324088,1.98906,-51.4484,-0.341373,2.96218,-0.30004,1.21734,10,-0.0311818,-0.0187683,7.88134,-0.0250684,-0.0178869,-0.0305766,0.0994518,10,1,0.073
0.48,-0.314786,1.73182,-29.2379,-0.329388,2.97132,-0.292098,1.29325,10,-0.0311771,0.0206384,6.482,-0.0247891,-0.0181296,-0.0301383,0.117868,8,1,0.068
0.485,-0.306493,1.58563,-10.8715,-0.317374,2.97371,-0.283931,1.42256,10,-0.0309929,0.0530484,5.2306,-0.024466,-0.0183731,-0.0296087,0.131507,9,1,0.071
0.49,-0.2987,1.53127,-60,-0.305349,2.96935,-0.284623,0.345735,10,-0.0306622,0.0792014,19.0621,-0.0240997,-0.0186175,-0.0273297,0.365132,10,1,0.074
0.495,-0.291794,1.23127,-60,-0.29333,2.95822,-0.279906,0.353829,10,-0.030028,0.174512,12.7295,-0.0236913,-0.0188627,-0.0259782,0.365454,10,1,0.073
0.5,-0.286388,0.931275,-39.0896,-0.281333,2.94034,-0.276816,0.344931,10,-0.0289963,0.238159,7.6953,-0.023242,-0.0191087,-0.0245582,0.353589,10,1,0.073
0.505,-0.28222,0.735827,-60,-0.269376,2.9157,-0.281448,-0.632871,10,-0.0277093,0.276636,48.3249,-0.0227531,-0.0193555,-0.0181232,1.00151,10,1,0.074
0.51,-0.279291,0.435827,-60,-0.257475,2.88432,-0.279462,-0.458705,10,-0.0257221,0.51826,29.3267,-0.0222265,-0.0196031,-0.0146489,0.958161,10,1,0.073
0.515,-0.277862,0.135827,-60,-0.245649,2.84623,-0.280467,-0.483264,10,-0.0227642,0.664894,14.5576,-0.021664,-0.0198515,-0.011153,0.883259,10,1,0.073
0.52,-0.277932,-0.164173,-60,-0.233914,2.80146,-0.288302,-1.21839,10,-0.0192577,0.737682,77.2002,-0.0210677,-0.0201007,0.000492534,1.89569,10,1,0.073
0.525,-0.279503,-0.464173,-60,-0.222298,2.17333,-0.292694,-1.29453,10,-0.0146043,1.12368,42.6786,-0.0204401,0.0184161,0.00705229,1.76386,10,1,0.074
0.53,-0.282574,-0.764173,-60,-0.210801,2.13087,-0.298725,-1.38925,10,-0.00845241,1.33708,16.3442,-0.0197831,0.0182734,0.0134425,1.58224,10,1,0.074
0.535,-0.287145,-1.06417,12.8807,-0.199449,2.0836,-0.301659,-0.870962,10,-0.00156273,1.4188,-2.83627,-0.0190995,0.0181292,0.0194002,1.37625,10,0,0.074
0.54,-0.292305,-0.999769,4.98869,-0.188261,2.03158,-0.30674,-0.924939,10,0.00549581,1.40462,26.2006,-0.0183916,0.0179837,0.0295126,1.79763,10,0,0.074
0.545,-0.297241,-0.974826,36.9665,-0.177257,1.97486,-0.307705,-0.420329,10,0.0128464,1.53562,2.67465,-0.0176622,0.0178368,0.0361816,1.57574,10,0,0.073
0.55,-0.301653,-0.789994,52.5102,-0.166455,1.9135,-0.307596,-0.00234112,10,0.0205579,1.54899,-13.8391,-0.0169137,0.0176884,0.0422359,1.34141,10,0,0.074
0.555,-0.304947,-0.527443,50.4305,-0.425412,1.8382,-0.307185,0.229014,10,0.0281299,1.4798,-24.5616,0.0593121,0.0175387,0.0475637,1.11137,10,0,0.074
0.56,-0.306954,-0.275291,52.2568,-0.412347,1.89606,-0.305204,0.508561,10,0.0352219,1.35699,-30.6766,0.0600801,0.0173877,0.0521256,0.89684,10,0,0.093
0.565,-0.307677,-0.0140066,60,-0.399031,1.94967,-0.301317,0.861978,10,0.0416234,1.20361,-33.2622,0.0608486,0.0172352,0.0559355,0.704674,10,0,0.115
0.57,-0.306997,0.285993,60,-0.385486,1.99899,-0.296376,1.13018,10,0.0472256,1.0373,-33.2627,0.0616138,0.0170814,0.059043,0.538355,10,0,0.093
0.575,-0.304817,0.585993,60,-0.371732,2.04398,-0.289341,1.47756,10,0.0519963,0.870982,-31.4772,0.0623713,0.0169262,0.0615198,0.398824,10,0,0.082
0.58,-0.301137,0.885993,60,-0.357791,2.08459,-0.281313,1.75721,10,0.0559577,0.713596,-24.6089,0.0631171,0.0167697,0.0638932,0.344462,10,0,0.129
0.585,-0.295957,1.18599,60,-0.343681,2.12078,-0.271391,2.08955,10,0.0592181,0.590551,-22.4983,0.0638468,0.0166118,0.0655453,0.253077,10,0,0.099
0.59,-0.289277,1.48599,60,-0.329422,2.15254,-0.260192,2.39203,10,0.0618896,0.47806,-19.8691,0.064556,0.0164526,0.0668253,0.180023,10,0,0.29
0.595,-0.281097,1.78599,60,-0.315033,2.17982,-0.247588,2.68191,10,0.0640316,0.378714,-17.0305,0.0652405,0.0162921,0.0677964,0.123256,10,0,0.27
0.6,-0.271417,2.08599,36.4951,-0.300532,2.2026,-0.236022,2.63342,10,0.0657123,0.293562,-10.5099,0.0658964,0.0161302,0.0689333,0.135913,10,1,0.225
0.605,-0.260531,2.26847,26.2294,-0.285938,2.22087,-0.223553,2.66191,10,0.0670487,0.241012,-9.19664,0.0665196,0.015967,0.0696293,0.103063,10,1,0.196
0.61,-0.248861,2.39962,19.0391,-0.271269,2.2346,-0.210725,2.6852,10,0.0681388,0.195029,-7.87175,0.0671068,0.0158025,0.0701787,0.0769527,9,1,0.206
0.615,-0.236625,2.49481,-56.3616,-0.256542,2.24378,-0.205543,1.64939,10,0.0690155,0.15567,-6.73677,0.0676548,0.0156367,0.0705927,0.0546186,10,1,0.213
0.62,-0.224855,2.213,-29.9864,-0.241777,2.2484,-0.195034,1.76321,10,0.0697097,0.121986,-5.55148,0.0681608,0.0154696,0.0709149,0.0387141,9,1,0.206
0.625,-0.214165,2.06307,-13.4883,-0.226989,2.24845,-0.184737,1.86075,10,0.0702502,0.0942289,-4.51369,0.0686227,0.0153012,0.0711559,0.0265236,9,1,0.211
0.63,-0.204018,1.99563,-60,-0.212198,2.24394,-0.182849,0.826986,10,0.070665,0.0716605,-19.0617,0.0690389,0.0151315,0.0695954,-0.214265,10,1,0.139
0.635,-0.19479,1.69563,-60,-0.197421,2.23484,-0.175937,0.818155,10,0.070785,-0.0236481,-12.746,0.0694082,0.0149605,0.0689963,-0.214837,10,1,0.215
0.64,-0.187062,1.39563,-49.9847,-0.182675,2.22118,-0.170832,0.768439,10,0.0705074,-0.0873779,-7.73041,0.0697301,0.0147883,0.0683271,-0.203334,10,1,0.213
0.645,-0.180709,1.14571,-60,-0.16798,2.20296,-0.173358,-0.165555,10,0.0699739,-0.12603,-49.8886,0.0700048,0.0146149,0.062471,-0.874359,10,1,0.155
0.65,-0.17573,0.845706,-60,-0.153352,2.18017,-0.16973,-0.0456363,10,0.0687201,-0.375473,-30.3912,0.0702328,0.0144402,0.059669,-0.831341,10,1,0.081
0.655,-0.172252,0.545706,-60,-0.138754,2.73362,-0.168703,-0.0726044,10,0.0664629,-0.527429,-15.2092,0.0704142,-0.0270461,0.0568404,-0.755567,10,1,0.08
0.66,-0.170273,0.245706,-60,-0.124318,2.68991,-0.174112,-0.757572,10,0.0636356,-0.603475,-79.9863,0.0705527,-0.0273087,0.045585,-1.80327,10,1,0.08
0.665,-0.169795,-0.0542936,-60,-0.110006,2.64002,-0.176811,-0.881186,10,0.0596184,-1.00341,-44.3059,0.0706494,-0.0275715,0.0395829,-1.668,10,1,0.081
0.67,-0.170816,-0.354294,-60,-0.0958394,2.584,-0.182053,-1.14397,10,0.0540476,-1.22494,-17.034,0.0707069,-0.0278344,0.0337572,-1.48045,10,1,0.081
0.675,-0.173338,-0.654294,-60,-0.0818372,2.52186,-0.189161,-1.45548,10,0.04771,-1.31011,-40.7461,0.070728,-0.0280974,0.0234744,-1.9213,10,0,0.082
0.68,-0.177359,-0.954294,-19.5351,-0.0680205,2.45365,-0.193871,-1.24732,10,0.0406501,-1.51384,-11.2392,0.0707158,-0.0283606,0.0166781,-1.68242,10,0,0.081
0.685,-0.182375,-1.05197,18.4359,-0.0544107,2.37941,-0.19608,-0.775431,10,0.0329404,-1.57003,9.94317,0.0706735,-0.0286238,0.0105085,-1.42089,10,0,0.081
0.69,-0.187404,-0.95979,36.4905,-0.04103,2.29919,-0.197696,-0.412433,10,0.0252146,-1.52032,24.1557,0.0706046,-0.0288871,0.00512732,-1.15798,10,0,0.08
0.695,-0.191747,-0.777338,42.5001,-0.30616,2.51053,-0.198626,-0.139835,10,0.0179149,-1.39954,32.7408,-0.00739252,-0.0291504,0.000605179,-0.908427,10,0,0.08
0.7,-0.195102,-0.564837,45.3214,-0.295044,2.59515,-0.198476,0.114984,10,0.0113265,-1.23583,36.9432,-0.00736708,-0.0294137,-0.00305492,-0.681687,10,0,0.08
0.705,-0.19736,-0.33823,60,-0.283706,2.67344,-0.196001,0.519439,10,0.0056091,-1.05112,37.8708,-0.0073153,-0.0296769,-0.00589721,-0.483057,10,0,0.08
0.71,-0.198301,-0.0382299,55.2985,-0.272164,2.7453,-0.192654,0.791248,10,0.000826894,-0.861765,36.4745,-0.00723607,-0.0299402,-0.0079962,-0.314648,10,0,0.08
0.715,-0.197801,0.238263,57.8415,-0.260438,2.81064,-0.18772,1.10589,10,-0.003026,-0.679392,33.5432,-0.00712844,-0.0302034,-0.00944327,-0.176244,10,0,0.08
0.72,-0.195887,0.52747,60,-0.248545,2.86939,-0.181145,1.43811,10,-0.00600367,-0.511676,25.6567,-0.00699162,-0.0304664,-0.0107924,-0.126825,10,0,0.08
0.725,-0.192499,0.82747,60,-0.236504,2.92149,-0.173267,1.73685,10,-0.00824134,-0.383393,22.8629,-0.00682496,-0.0307294,-0.0114202,-0.0404496,10,0,0.08
0.73,-0.187612,1.12747,60,-0.224332,2.96687,-0.16398,2.02349,10,-0.00987252,-0.269078,19.7186,-0.006628,-0.0309922,-0.0116904,0.0266999,10,0,0.08
0.735,-0.181225,1.42747,50.1033,-0.212048,3.00548,-0.154176,2.17902,10,-0.0109714,-0.170486,12.7147,-0.00640047,-0.0312548,-0.0120983,0.0202347,10,0,0.08
0.74,-0.173461,1.67799,35.3722,-0.199669,3.03729,-0.144312,2.20857,10,-0.0116649,-0.106912,10.9886,-0.00614229,-0.0315172,-0.0120324,0.0579167,10,0,0.079
0.745,-0.164629,1.85485,25.9863,-0.187211,3.06224,-0.133883,2.24464,10,-0.0120621,-0.0519692,9.23907,-0.00585356,-0.0317794,-0.0118023,0.0866168,9,0,0.077
0.75,-0.15503,1.98478,-51.7522,-0.174694,3.08032,-0.13108,1.2085,10,-0.0122065,-0.00577386,7.69601,-0.00553458,-0.0320414,-0.0114273,0.109666,10,1,0.08
0.755,-0.145753,1.72602,-27.5136,-0.162132,3.0915,-0.122958,1.31331,10,-0.0121392,0.0327062,6.1301,-0.00518584,-0.0323031,-0.0109589,0.124658,10,1,0.078
0.76,-0.137467,1.58845,-10.7363,-0.149544,3.09576,-0.114848,1.42741,10,-0.011899,0.0633567,4.75407,-0.00480803,-0.0325645,-0.0104138,0.134668,10,1,0.078
0.765,-0.129659,1.53477,2.02674,-0.136947,3.0931,-0.106409,1.56517,10,-0.0115228,0.087127,3.58488,-0.004402,-0.0328255,-0.00981258,0.1409,10,1,0.087
0.77,-0.12196,1.5449,-60,-0.124357,3.08351,-0.10721,0.421732,10,-0.0110423,0.105051,18.4876,-0.00396878,-0.0330862,-0.00738671,0.382366,10,1,0.079
0.775,-0.114985,1.2449,-60,-0.111792,3.067,-0.102456,0.425672,10,-0.010286,0.197489,12.0364,-0.00350953,-0.0333465,-0.00596956,0.378035,10,1,0.079
0.78,-0.109511,0.944903,-19.1216,-0.0992687,3.04357,-0.0974882,0.658079,10,-0.00914809,0.257671,6.92909,-0.00302559,-0.0336064,-0.0045035,0.361608,10,1,0.079
0.785,-0.105025,0.849295,-60,-0.0868046,3.01325,-0.1025,-0.512673,10,-0.00777312,0.292317,50.3235,-0.00251839,-0.0338659,0.00227303,1.04717,10,1,0.079
0.79,-0.101529,0.549295,-60,-0.0745046,2.34824,-0.0999761,-0.342298,10,-0.00568249,0.543934,30.5665,-0.00199043,0.00909409,0.00591525,1.00243,10,1,0.08
0.795,-0.0995321,0.249295,-60,-0.062212,2.31602,-0.10014,-0.330302,10,-0.00258074,0.696767,15.175,-0.00144157,0.00888897,0.00957795,0.924391,10,1,0.079
0.8,-0.0990356,-0.0507054,-60,-0.0500314,2.27881,-0.107933,-1.13565,10,0.00109278,0.772642,81.8831,-0.000874282,0.00868304,0.0218943,2.00089,10,1,0.079
0.805,-0.100039,-0.350705,-60,-0.0379809,2.23664,-0.111587,-1.18896,10,0.00597953,1.18206,45.7701,-0.000290303,0.0084763,0.0288595,1.86861,10,1,0.079
0.81,-0.102543,-0.650705,-60,-0.0260789,2.18955,-0.116815,-1.25232,10,0.0124619,1.41091,18.1201,0.000308619,0.00826879,0.0356641,1.68271,10,1,0.08
0.815,-0.106546,-0.950705,-28.0473,-0.014344,2.1376,-0.123962,-1.37141,10,0.019743,1.50151,42.664,0.000920724,0.00806051,0.0470653,2.14147,10,1,0.079
0.82,-0.11165,-1.09094,29.1271,-0.00279542,2.08085,-0.124738,-0.654036,10,0.0277838,1.71483,12.7376,0.00154426,0.00785148,0.0549392,1.90589,10,1,0.08
0.825,-0.116741,-0.945306,51.759,0.00854748,2.01935,-0.125098,-0.168921,10,0.0365172,1.77852,-8.8248,0.00217751,0.00764173,0.0622021,1.64614,10,0,0.079
0.83,-0.12082,-0.686511,47.7727,-0.259128,1.8732,-0.125744,0.0300787,10,0.0452995,1.73439,-23.3807,0.0828028,0.00743128,0.068685,1.38368,10,0,0.08
0.835,-0.123656,-0.447648,52.736,-0.245594,1.93325,-0.124438,0.343392,10,0.0536792,1.61749,-32.2767,0.08391,0.00722013,0.0743104,1.13334,10,0,0.08
0.84,-0.125235,-0.183968,53.6662,-0.231811,1.98897,-0.121957,0.621026,10,0.0613631,1.45611,-36.7623,0.0850057,0.00700831,0.079069,0.904671,10,0,0.168
0.845,-0.125484,0.0843633,60,-0.217798,2.0403,-0.117574,0.970342,10,0.0681841,1.27229,-37.9495,0.0860837,0.00679585,0.0829992,0.703051,10,0,0.178
0.85,-0.124312,0.384363,60,-0.203579,2.0872,-0.112116,1.24177,10,0.0740712,1.08255,-36.793,0.0871376,0.00658275,0.0861702,0.530652,10,0,0.097
0.855,-0.12164,0.684363,60,-0.189174,2.12964,-0.104667,1.57876,10,0.0790241,0.898582,-34.0844,0.0881606,0.00636905,0.0886683,0.387315,10,0,0.088
0.86,-0.117468,0.984363,60,-0.174603,2.16758,-0.0962667,1.84254,10,0.0830909,0.728159,-26.3693,0.0891461,0.00615475,0.0910468,0.332619,10,0,0.206
0.865,-0.111797,1.28436,60,-0.159885,2.20099,-0.0857688,2.18602,10,0.0864021,0.596313,-23.8207,0.0900876,0.00593989,0.092667,0.239002,10,0,0.213
0.87,-0.104625,1.58436,60,-0.14504,2.22985,-0.0740953,2.48624,10,0.0890859,0.477209,-20.8919,0.0909787,0.00572447,0.0938937,0.163831,10,0,0.212
0.875,-0.095953,1.88436,52.9007,-0.130088,2.25413,-0.0617362,2.67787,10,0.0912108,0.37275,-14.037,0.0918133,0.00550853,0.0952229,0.162195,10,0,0.216
0.88,-0.0858699,2.14887,36.5534,-0.115045,2.27381,-0.0495247,2.69717,10,0.0928991,0.302565,-12.5244,0.0925859,0.00529207,0.0960286,0.114699,10,0,0.21
0.885,-0.0746687,2.33163,26.5646,-0.099931,2.28888,-0.0367057,2.7301,10,0.0942554,0.239943,-10.9466,0.0932914,0.00507513,0.096623,0.0757432,10,0,0.212
0.89,-0.0626785,2.46446,-51.9727,-0.0847639,2.29933,-0.0315585,1.68487,10,0.0953182,0.18521,-9.53779,0.0939256,0.00485772,0.0970234,0.0421427,10,1,0.125
0.895,-0.0510058,2.20459,-26.6222,-0.0695614,2.30514,-0.0209319,1.80526,10,0.0961251,0.137521,-8.06657,0.0944847,0.00463986,0.0972804,0.0165221,9,1,0.077
0.9,-0.0403156,2.07148,-10.8945,-0.0543415,2.30632,-0.010469,1.90806,10,0.0967118,0.0971878,-6.7518,0.0949661,0.00442158,0.0974101,-0.00408915,10,1,0.078
0.905,-0.0300944,2.01701,-60,-0.0391221,2.30285,-0.00854453,0.856308,10,0.0971134,0.0634288,-21.6216,0.0953679,0.0042029,0.0956324,-0.260895,10,1,0.08
0.91,-0.0207594,1.71701,-60,-0.0239209,2.29475,-0.00151227,0.849269,10,0.0971602,-0.0446792,-14.7487,0.0956891,0.00398383,0.0948308,-0.26591,10,1,0.079
0.915,-0.0129243,1.41701,-41.1959,-0.00875595,2.282,0.00369629,0.799071,10,0.0967525,-0.118423,-9.28348,0.0959296,0.0037644,0.0939318,-0.257675,10,1,0.08
0.92,-0.00635422,1.21103,-60,0.00650799,2.87955,0.00183589,-0.119016,10,0.0960443,-0.16484,-52.8906,0.0960871,-0.0406121,0.0876215,-0.958199,10,1,0.08
0.925,-0.00104907,0.91103,-60,0.021547,2.84941,0.00587706,0.0124533,10,0.094559,-0.429293,-32.1404,0.0961692,-0.0408488,0.0845038,-0.9114,10,1,0.138
0.93,0.00275608,0.61103,-60,0.0364947,2.81297,0.00702343,-0.0420507,10,0.0920108,-0.589995,-16.021,0.096176,-0.0410843,0.0813585,-0.830309,10,1,0.08
0.935,0.00506123,0.31103,-13.6486,0.0513322,2.77026,0.00819121,0.1063,10,0.0888605,-0.6701,-3.99765,0.0961109,-0.0413186,0.0783593,-0.730065,10,1,0.079
0.94,0.00644578,0.242787,-60,0.0660405,2.7213,0.00181119,-0.860732,10,0.0854601,-0.690088,-74.0787,0.095978,-0.0415517,0.0667749,-1.80127,10,1,0.08
0.945,0.00690971,-0.0572132,-60,0.0805997,2.66612,-0.000229277,-0.894652,10,0.0810837,-1.06048,-39.3861,0.0957817,-0.0417834,0.0607455,-1.65127,10,1,0.079
0.95,0.00587364,-0.357213,-60,0.0949898,2.60475,-0.00539456,-1.14521,10,0.0752889,-1.25741,-13.0965,0.0955274,-0.042014,0.0549544,-1.45386,10,1,0.079
0.955,0.00333758,-0.657213,-60,0.10919,2.53724,-0.0119723,-1.38411,10,0.0688382,-1.32289,-39.1849,0.0952203,-0.0422432,0.0445864,-1.91067,10,1,0.08
0.96,-0.000698489,-0.957213,2.36692,0.12318,2.46363,-0.0147904,-0.921709,10,0.0617339,-1.51882,-9.65167,0.0948661,-0.042471,0.0378658,-1.66359,10,1,0.079
0.965,-0.00545497,-0.945379,29.3525,0.136936,2.38396,-0.0163335,-0.505092,10,0.0540191,-1.56708,11.4332,0.0944708,-0.0426976,0.0317992,-1.39558,10,0,0.08
0.97,-0.00981496,-0.798616,38.434,-0.131246,2.51548,-0.0174704,-0.222107,10,0.0463267,-1.50991,25.4647,0.01337,-0.0429227,0.0265428,-1.12794,10,0,0.079
0.975,-0.0133276,-0.606446,43.8011,-0.119912,2.6028,-0.0174967,0.0505698,10,0.0390954,-1.38259,33.8184,0.0136031,-0.0431464,0.0221611,-0.875313,10,0,0.08
0.98,-0.0158123,-0.387441,54.5707,-0.108355,2.68366,-0.0154847,0.43112,10,0.0326052,-1.2135,37.7652,0.013853,-0.0433687,0.0186513,-0.647019,10,0,0.079
0.985,-0.0170674,-0.114587,53.4602,-0.0965961,2.75798,-0.0127719,0.687316,10,0.0270098,-1.02467,38.4326,0.0141199,-0.0435896,0.0159634,-0.448182,10,0,0.08
0.99,-0.0169721,0.152714,58.8142,-0.0846538,2.82568,-0.00806478,1.03493,10,0.0223668,-0.832507,36.7857,0.0144034,-0.043809,0.0140176,-0.280723,10,0,0.079
0.995,-0.0154733,0.446785,60,-0.0725472,2.88669,-0.00213362,1.33185,10,0.0186641,-0.648579,29.5018,0.0147033,-0.0440269,0.0122544,-0.206052,10,0,0.079
1,-0.0124894,0.746785,60,-0.0602948,2.94093,0.00552889,1.65566,10,0.01579,-0.50107,26.9171,0.0150193,-0.0442433,0.0113021,-0.097313,10,0,0.079
1.005,-0.00800549,1.04678,60,-0.0479148,2.98836,0.0144659,1.9494,10,0.0136211,-0.366484,23.6515,0.0153509,-0.0444581,0.0107846,-0.0117125,10,0,0.079
1.01,-0.00202157,1.34678,60,-0.0354253,3.02893,0.0248539,2.23662,10,0.0120843,-0.248227,20.0933,0.0156974,-0.0446714,0.0106214,0.053172,10,0,0.08
1.015,0.00546235,1.64678,39.775,-0.022844,3.06259,0.0346388,2.24341,10,0.0110944,-0.147761,12.6455,0.0160582,-0.0448832,0.0103006,0.0419213,10,0,0.079
1.02,0.0141935,1.84566,27.2279,-0.0101887,3.08932,0.0449415,2.25408,10,0.0105136,-0.0845334,10.6469,0.0164324,-0.0450933,0.0104434,0.0751694,10,0,0.078
1.025,0.0237621,1.9818,20.7019,0.00252335,3.10908,0.0558181,2.29233,10,0.010224,-0.0312991,8.68654,0.0168193,-0.0453018,0.0107318,0.098999,10,0,0.078
1.03,0.0339299,2.08531,-54.7733,0.0152747,3.12187,0.0590475,1.26371,10,0.0101761,0.0121336,6.99129,0.017218,-0.0455086,0.0111446,0.117003,10,1,0.079
1.035,0.0436718,1.81144,-30.5706,0.028048,3.12765,0.0674042,1.35288,10,0.0103242,0.04709,5.31859,0.0176274,-0.0457138,0.0116289,0.126869,10,1,0.078
1.04,0.0523468,1.65859,-11.4067,0.0408262,3.12644,0.0759424,1.48749,10,0.0106261,0.073683,3.87709,0.0180466,-0.0459173,0.0121675,0.131839,10,1,0.078
1.045,0.0604972,1.60156,-60,0.053592,3.11822,0.0755028,0.399193,10,0.011043,0.0930684,18.8337,0.0184746,-0.0461192,0.0145578,0.375574,10,1,0.079
1.05,0.067755,1.30156,-60,0.0661604,2.44338,0.0806192,0.413669,10,0.0117438,0.187237,12.1662,0.01891,-0.00221646,0.015921,0.369731,10,1,0.08
1.055,0.0735128,1.00156,-51.2349,0.0788489,2.4271,0.0840565,0.404278,10,0.012832,0.248068,6.87543,0.0193523,-0.00243704,0.0173265,0.3512,10,1,0.08
1.06,0.0778801,0.745381,-60,0.0914733,2.40572,0.0788414,-0.617207,10,0.0141583,0.282445,50.9156,0.0198003,-0.00265735,0.024123,1.04618,10,1,0.079
1.065,0.080857,0.445381,-60,0.104016,2.37924,0.0808769,-0.442728,10,0.016207,0.537024,31.0163,0.0202531,-0.00287735,0.0277517,1.00227,10,1,0.08
1.07,0.0823339,0.145381,-60,0.11646,2.34769,0.0802666,-0.421017,10,0.0192798,0.692105,15.4714,0.0207097,-0.00309703,0.0314019,0.924176,10,1,0.079
1.075,0.0823108,-0.154619,-60,0.128786,2.31112,0.0717981,-1.24707,10,0.0229337,0.769462,83.2466,0.0211692,-0.00331637,0.0438409,2.01816,10,1,0.08
1.08,0.0807877,-0.454619,-60,0.140977,2.26955,0.0676893,-1.29184,10,0.0278216,1.1857,46.9862,0.0216308,-0.00353533,0.050893,1.89049,10,1,0.08
1.085,0.0777646,-0.754619,-60,0.153014,2.22303,0.0619606,-1.35258,10,0.0343374,1.42063,19.1346,0.0220937,-0.00375391,0.0577995,1.70765,10,1,0.08
1.09,0.0732415,-1.05462,17.3534,0.164879,2.17162,0.0593745,-0.794317,10,0.0416797,1.5163,-1.33148,0.0225572,-0.00397208,0.0642744,1.49633,10,1,0.079
1.095,0.0681854,-0.967852,7.70415,0.176552,2.11537,0.0545343,-0.852289,10,0.0492446,1.50964,30.3575,0.0230205,-0.00418981,0.0753044,1.965,10,1,0.08
1.1,0.0634424,-0.929331,39.0386,0.188014,2.05434,0.0538943,-0.343753,10,0.0571723,1.66143,5.13567,0.0234832,-0.00440709,0.0826715,1.73846,10,1,0.08
1.105,0.0592837,-0.734138,60,0.199246,1.98862,0.0543421,0.0752526,10,0.0655436,1.68711,-12.798,0.0239447,-0.0046239,0.0894104,1.49514,10,0,0.081
1.11,0.056363,-0.434138,49.2604,-0.0676047,1.91116,0.0553928,0.304768,10,0.0738192,1.62312,-24.6771,0.106321,-0.00484021,0.0953897,1.25296,10,0,0.104
1.115,0.0548081,-0.187836,50.972,-0.0537878,1.96782,0.0577249,0.576744,10,0.0816263,1.49973,-31.7087,0.107657,-0.00505601,0.100555,1.0241,10,0,0.081
1.12,0.0545061,0.067024,60,-0.0397465,2.02005,0.0620444,0.938092,10,0.0887286,1.34119,-34.9995,0.108961,-0.00527127,0.104909,0.816196,10,0,0.08
1.125,0.0555912,0.367024,60,-0.0255024,2.06781,0.0673874,1.2058,10,0.094997,1.16619,-35.5244,0.110226,-0.00548597,0.108493,0.633325,10,0,0.079
1.13,0.0581763,0.667024,58.6995,-0.0110768,2.11107,0.0747854,1.54752,10,0.100384,0.988569,-34.1126,0.111442,-0.0057001,0.111375,0.47688,10,0,0.079
1.135,0.0622452,0.960521,60,0.0035098,2.14979,0.0831416,1.82567,10,0.1049,0.818006,-27.3708,0.112601,-0.00591363,0.114091,0.407444,10,0,0.08
1.14,0.0677978,1.26052,60,0.0182373,2.18394,0.0935023,2.16675,10,0.108648,0.681152,-25.5136,0.113695,-0.00612654,0.115995,0.298449,10,0,0.08
1.145,0.0748504,1.56052,60,0.0330861,2.21351,0.105029,2.46334,10,0.111735,0.553584,-23.0311,0.114717,-0.00633881,0.117448,0.208117,10,0,0.081
1.15,0.083403,1.86052,51.7063,0.048037,2.23846,0.117128,2.63612,10,0.114215,0.438429,-16.4369,0.115657,-0.00655042,0.118942,0.191875,10,0,0.141
1.155,0.0933519,2.11905,38.0179,0.0630711,2.25879,0.129415,2.68932,10,0.116202,0.356244,-15.0444,0.11651,-0.00676136,0.119853,0.130579,10,0,0.238
1.16,0.104422,2.30914,27.0026,0.07817,2.27448,0.142097,2.71418,10,0.117795,0.281022,-13.4666,0.11727,-0.0069716,0.120495,0.0790232,10,0,0.215
1.165,0.116306,2.44416,19.0038,0.0933151,2.28551,0.155106,2.72921,10,0.119032,0.213689,-11.8449,0.117932,-0.00718113,0.120905,0.0360156,10,0,0.216
1.17,0.128764,2.53917,-57.3321,0.108488,2.29189,0.160402,1.67919,10,0.119952,0.154465,-10.4007,0.118491,-0.00738992,0.121099,-0.00154585,10,1,0.217
1.175,0.140743,2.25251,-30.2088,0.123672,2.29361,0.171132,1.79938,10,0.120594,0.102461,-8.89992,0.118945,-0.00759796,0.12113,-0.0310376,10,1,0.216
1.18,0.151628,2.10147,-13.3459,0.139094,2.91732,0.181649,1.90128,10,0.120996,0.0579616,-7.58667,0.119289,-0.0508642,0.121011,-0.0558384,10,1,0.152
1.185,0.161969,2.03474,-60,0.154244,2.90696,0.183711,0.864289,10,0.12119,0.0200283,-22.1904,0.119525,-0.0510119,0.118994,-0.312828,10,1,0.193
1.19,0.171392,1.73474,-60,0.16935,2.89026,0.190828,0.856651,10,0.121013,-0.090924,-15.2456,0.119654,-0.0511575,0.117934,-0.319609,10,1,0.214
1.195,0.179316,1.43474,-54.5336,0.184394,2.86722,0.196127,0.806738,10,0.120368,-0.167152,-9.72648,0.119678,-0.051301,0.116767,-0.313049,10,1,0.194
1.2,0.185808,1.16207,-60,0.199356,2.83786,0.193476,-0.139631,10,0.119411,-0.215785,-52.6425,0.119599,-0.0514424,0.110252,-1.00542,10,1,0.084
1.205,0.190868,0.862072,-60,0.214219,2.8022,0.197153,-0.024154,10,0.117674,-0.478997,-31.7725,0.119421,-0.0515816,0.106914,-0.955584,10,1,0.08
1.21,0.194429,0.562072,-60,0.228963,2.76027,0.198243,-0.0535799,10,0.114882,-0.63786,-15.608,0.11915,-0.0517187,0.103558,-0.87198,10,1,0.079
1.215,0.196489,0.262072,-60,0.243569,2.7121,0.192863,-0.745602,10,0.111497,-0.7159,-81.7969,0.11879,-0.0518536,0.0915566,-1.94285,10,1,0.079
1.22,0.19705,-0.037928,-60,0.258017,2.65771,0.190253,-0.868331,10,0.106895,-1.12488,-43.9101,0.118349,-0.0519864,0.0850821,-1.78353,10,1,0.079
1.225,0.19611,-0.337928,-60,0.272288,2.59716,0.185258,-1.10902,10,0.100722,-1.34443,-15.1777,0.117833,-0.052117,0.078848,-1.5721,10,0,0.08
1.23,0.19367,-0.637928,-60,0.28636,2.53047,0.177884,-1.46692,10,0.0938101,-1.42032,-39.2972,0.11725,-0.0522455,0.0680843,-2.00978,10,0,0.08
1.235,0.189731,-0.937928,-21.686,0.300213,2.45771,0.173222,-1.26322,10,0.0862173,-1.61681,-8.32845,0.116607,-0.0523717,0.0610282,-1.74174,10,0,0.079
1.24,0.18477,-1.04636,21.446,0.313824,2.37893,0.171487,-0.724668,10,0.0780291,-1.65845,13.6477,0.115912,-0.0524958,0.0546877,-1.45373,10,0,0.079
1.245,0.179806,-0.939128,33.3432,0.0496396,2.44839,0.16947,-0.43898,10,0.0699074,-1.59021,28.1412,0.0347592,-0.0526177,0.0492201,-1.16809,10,0,0.093
1.25,0.175527,-0.772412,42.2765,0.0608006,2.5358,0.168697,-0.138264,10,0.0623082,-1.44951,36.6313,0.035168,-0.0527374,0.0446866,-0.900037,10,0,0.071
1.255,0.172194,-0.561029,45.4931,0.0721787,2.61674,0.168896,0.121367,10,0.0555185,-1.26635,40.4794,0.0355835,-0.0528549,0.0410772,-0.659158,10,0,0.072
1.26,0.169957,-0.333564,60,0.083754,2.69112,0.171401,0.525995,10,0.0496928,-1.06395,40.8892,0.0360045,-0.0529702,0.0383335,-0.450614,10,0,0.072
1.265,0.169039,-0.0335638,55.4963,0.095507,2.75886,0.174779,0.79888,10,0.0448841,-0.859506,38.8877,0.0364299,-0.0530833,0.0363664,-0.276191,10,0,0.072
1.27,0.169565,0.243917,57.8034,0.107419,2.8199,0.179727,1.11097,10,0.0410727,-0.665068,35.322,0.0368584,-0.0531943,0.0350704,-0.135238,10,0,0.072
1.275,0.171507,0.532934,60,0.11947,2.87417,0.186346,1.44554,10,0.0381889,-0.488458,26.8047,0.0372886,-0.053303,0.0338775,-0.0863868,10,0,0.072
1.28,0.174922,0.832934,60,0.131642,2.92161,0.194232,1.74165,10,0.0360816,-0.354434,23.3984,0.0377192,-0.0534095,0.0333974,-0.00345759,10,0,0.072
1.285,0.179837,1.13293,60,0.143918,2.9622,0.203547,2.02843,10,0.0346019,-0.237442,19.7173,0.0381489,-0.0535138,0.0332585,0.0583181,10,0,0.072
1.29,0.186251,1.43293,51.0442,0.156278,2.99587,0.213488,2.1986,10,0.0336612,-0.138855,12.2577,0.0385762,-0.0536158,0.0329574,0.0450097,10,1,0.073
1.295,0.194054,1.68816,35.7994,0.168705,3.02262,0.223404,2.22515,10,0.0331201,-0.077567,10.1271,0.0389998,-0.0537157,0.0330959,0.0743389,10,1,0.072
1.3,0.202942,1.86715,26.5181,0.181182,3.04241,0.233933,2.26492,10,0.0328589,-0.0269317,8.06744,0.0394184,-0.0538133,0.0333625,0.0940799,10,1,0.071
1.305,0.21261,1.99974,-49.3954,0.193691,3.05524,0.237049,1.25881,10,0.0328251,0.0134055,6.29937,0.039831,-0.0539088,0.0337348,0.107896,10,1,0.072
1.31,0.221991,1.75277,-27.9132,0.205973,2.40724,0.245142,1.33407,10,0.0329708,0.0449024,4.5902,0.0402363,-0.0128675,0.0341608,0.113755,10,1,0.072
1.315,0.230406,1.6132,-10.0351,0.218492,2.40635,0.253475,1.46267,10,0.0332527,0.0678534,3.12727,0.0406334,-0.0130477,0.0346224,0.114762,10,1,0.072
1.32,0.238346,1.56302,-60,0.230991,2.40033,0.252915,0.379415,10,0.0336311,0.0834897,17.6664,0.0410214,-0.0132267,0.0368709,0.348485,10,1,0.072
1.325,0.245412,1.26302,-60,0.243453,2.38918,0.2578,0.388702,10,0.0342694,0.171822,11.228,0.0413995,-0.0134045,0.0381098,0.340242,10,1,0.14
1.33,0.250977,0.963024,-32.7896,0.25586,2.37293,0.261733,0.47118,10,0.0352688,0.227962,6.12051,0.0417671,-0.0135811,0.0393768,0.319769,10,1,0.072
1.335,0.255382,0.799076,-60,0.268195,2.35159,0.256961,-0.588559,10,0.0364851,0.258564,49.0335,0.0421237,-0.0137565,0.0458799,0.994067,10,1,0.072
1.34,0.258627,0.499076,-60,0.28044,2.32519,0.259302,-0.409085,10,0.0383909,0.503732,29.8971,0.042469,-0.0139306,0.0493103,0.952188,10,1,0.072
1.345,0.260373,0.199076,-60,0.292578,2.29376,0.258639,-0.430224,10,0.0412833,0.653217,14.9197,0.0428029,-0.0141034,0.05276,0.877014,10,1,0.072
1.35,0.260618,-0.100924,-4.17331,0.30459,2.25733,0.258635,-0.163524,10,0.0447358,0.727816,3.65037,0.0431253,-0.014275,0.0560637,0.782572,10,1,0.121
1.355,0.260061,-0.121791,-60,0.316459,2.21595,0.249828,-1.24271,10,0.0484206,0.746068,73.9831,0.0434363,-0.0144453,0.0679347,1.85581,10,1,0.073
1.36,0.258702,-0.421791,-60,0.328165,2.16967,0.24617,-1.24913,10,0.0530757,1.11598,41.3082,0.0437362,-0.0146144,0.0744626,1.73561,10,1,0.073
1.365,0.255843,-0.721791,-25.6127,0.339691,2.11855,0.242135,-1.10598,10,0.059172,1.32252,16.219,0.0440253,-0.0147821,0.0808345,1.56581,10,0,0.073
1.37,0.251914,-0.849854,-14.4812,0.351018,2.06264,0.237537,-1.06707,10,0.0659873,1.40362,42.5901,0.0443042,-0.0149486,0.091833,2.04247,10,0,0.073
1.375,0.247484,-0.92226,25.823,0.362125,2.00203,0.236555,-0.534914,10,0.0735378,1.61657,14.2428,0.0445733,-0.0151137,0.0993887,1.83021,10,0,0.073
1.38,0.243195,-0.793145,44.3239,0.372994,1.93677,0.236285,-0.128285,10,0.0817987,1.68778,-6.4017,0.0448332,-0.0152775,0.106395,1.59176,10,0,0.072
1.385,0.239784,-0.571525,46.0219,0.112456,1.84239,0.236388,0.118804,10,0.0901576,1.65578,-20.5541,0.124966,-0.01544,0.112682,1.34746,10,0,0.074
1.39,0.237501,-0.341415,50.264,0.125889,1.89813,0.238035,0.412545,10,0.0981795,1.55301,-29.4296,0.126398,-0.0156012,0.118164,1.11156,10,0,0.074
1.395,0.236423,-0.0900951,60,0.139539,1.94945,0.241503,0.767418,10,0.105577,1.40586,-34.164,0.127786,-0.015761,0.122821,0.893396,10,0,0.105
1.4,0.236722,0.209905,60,0.153385,1.99631,0.246208,1.05491,10,0.112179,1.23504,-35.7747,0.12912,-0.0159194,0.12668,0.698416,10,0,0.072
1.405,0.238522,0.509905,56.2928,0.167403,2.03868,0.252503,1.3543,10,0.117907,1.05616,-35.1396,0.130392,-0.0160766,0.129796,0.52907,10,0,0.083
1.41,0.241775,0.791369,60,0.181575,2.07651,0.260378,1.68908,10,0.122748,0.880466,-29.0911,0.131591,-0.0162323,0.132683,0.444099,10,0,0.082
1.415,0.246482,1.09137,60,0.195879,2.1098,0.26961,1.99235,10,0.126787,0.73501,-27.498,0.132709,-0.0163867,0.134719,0.32254,10,0,0.083
1.42,0.252689,1.39137,60,0.210295,2.1385,0.280343,2.29584,10,0.130119,0.59752,-25.1228,0.133738,-0.0165397,0.136255,0.220677,10,0,0.182
1.425,0.260395,1.69137,60,0.224805,2.16262,0.292336,2.56733,10,0.132792,0.471906,-18.6816,0.134669,-0.0166913,0.137769,0.191681,10,1,0.193
1.43,0.269602,1.99137,43.0415,0.239388,2.18212,0.304315,2.63699,10,0.134918,0.378498,-17.1561,0.135497,-0.0168416,0.138665,0.121156,10,1,0.195
1.435,0.280097,2.20658,30.1539,0.254026,2.19701,0.316588,2.65889,10,0.136596,0.292717,-15.3977,0.136214,-0.0169904,0.139255,0.0617513,10,1,0.193
1.44,0.291507,2.35735,21.167,0.269028,2.81374,0.329248,2.67485,10,0.137867,0.215729,-13.606,0.13682,-0.0556584,0.139572,0.0116382,10,1,0.193
1.445,0.303558,2.46318,-53.2504,0.283722,2.82152,0.334515,1.66443,10,0.138776,0.147698,-11.9342,0.137301,-0.0556933,0.139649,-0.0313149,10,1,0.192
1.45,0.315209,2.19693,-28.9979,0.298416,2.82299,0.3449,1.76196,10,0.139365,0.0880273,-10.2176,0.137661,-0.055726,0.139536,-0.0652365,10,1,0.198
1.455,0.325831,2.05194,-13.6616,0.31309,2.81815,0.355073,1.84702,10,0.139678,0.0369394,-8.66961,0.137898,-0.0557567,0.139256,-0.0931048,10,1,0.142
1.46,0.33592,1.98363,-60,0.327727,2.80701,0.357025,0.830347,10,0.139754,-0.00640872,-22.361,0.138012,-0.0557854,0.137142,-0.341824,10,1,0.186
1.465,0.345088,1.68363,-60,0.342308,2.78959,0.363808,0.812436,10,0.139442,-0.118214,-15.4573,0.138005,-0.055812,0.13593,-0.350073,10,1,0.197
1.47,0.352756,1.38363,-39.1263,0.356815,2.76591,0.369109,0.796737,10,0.138658,-0.1955,-9.96891,0.13788,-0.0558366,0.134604,-0.345034,10,1,0.194
1.475,0.359185,1.188,-60,0.371229,2.73597,0.367107,-0.131801,10,0.137556,-0.245345,-50.7309,0.137641,-0.0558591,0.128168,-1.00631,10,1,0.185
1.48,0.364375,0.888,-60,0.38553,2.69982,0.370906,-0.0172456,10,0.135695,-0.498999,-30.4609,0.137292,-0.0558797,0.124783,-0.955913,10,1,0.074
1.485,0.368065,0.588,-60,0.399701,2.65748,0.372122,-0.0470457,10,0.132819,-0.651304,-14.7995,0.136839,-0.0558982,0.121385,-0.873297,10,1,0.073
1.49,0.370255,0.288,-60,0.413721,2.60899,0.366781,-0.751247,10,0.129378,-0.725302,-77.8225,0.13629,-0.0559148,0.109743,-1.89264,10,1,0.074
1.495,0.370945,-0.0119998,-60,0.42757,2.55439,0.364889,-0.795491,10,0.124778,-1.11441,-41.2211,0.135651,-0.0559294,0.103425,-1.73273,10,1,0.074
1.5,0.370135,-0.312,-60,0.441228,2.49373,0.359677,-1.08244,10,0.118691,-1.32052,-13.5515,0.134932,-0.055942,0.0973588,-1.52379,10,0,0.074
1.505,0.367825,-0.612,-60,0.454675,2.42705,0.35205,-1.4914,10,0.111919,-1.38828,-36.4871,0.13414,-0.0559527,0.0869902,-1.93558,10,0,0.074
1.51,0.364015,-0.912,-60,0.467888,2.35441,0.34624,-1.45799,10,0.104522,-1.57071,-6.72308,0.133284,-0.0559614,0.0802046,-1.67156,10,0,0.074
1.515,0.358705,-1.212,26.5014,0.480847,2.27588,0.343506,-0.814478,10,0.0965841,-1.60433,14.2995,0.132373,-0.0559682,0.0741279,-1.38983,10,0,0.074
1.52,0.352976,-1.07949,37.8056,0.226369,2.33922,0.341037,-0.512409,10,0.0887412,-1.53283,28.0661,0.0546143,-0.055973,0.0689062,-1.11184,10,0,0.074
1.525,0.348051,-0.890465,44.6782,0.237046,2.42325,0.339721,-0.220292,10,0.0814279,-1.3925,36.0262,0.0551322,-0.055976,0.0645933,-0.852106,10,0,0.073
1.53,0.344158,-0.667074,54.6327,0.24793,2.50088,0.340298,0.152418,10,0.0749157,-1.21237,39.5095,0.055647,-0.0559771,0.061175,-0.619725,10,0,0.074
1.535,0.341505,-0.39391,54.9934,0.259,2.57202,0.341783,0.430991,10,0.0693477,-1.01482,39.6888,0.0561568,-0.0559763,0.0585904,-0.419489,10,0,0.074
1.54,0.340223,-0.118943,55.867,0.270238,2.63659,0.344724,0.719062,10,0.0647697,-0.816377,37.5623,0.0566598,-0.0559736,0.0567498,-0.252942,10,0,0.073
1.545,0.340327,0.160392,58.0075,0.281623,2.69453,0.349258,1.03051,10,0.0611574,-0.628565,33.9517,0.0571538,-0.0559691,0.0555485,-0.119289,10,0,0.073
1.55,0.341854,0.45043,60,0.293138,2.74578,0.355493,1.36818,10,0.0584389,-0.458806,25.6654,0.057637,-0.0559627,0.0544442,-0.0738246,10,0,0.073
1.555,0.344856,0.75043,60,0.304763,2.79029,0.362921,1.65831,10,0.0564657,-0.330479,22.2247,0.0581075,-0.0559545,0.0540088,0.00289202,10,0,0.074
1.56,0.349358,1.05043,60,0.31648,2.82802,0.371826,1.94528,10,0.0550911,-0.219355,18.5544,0.0585634,-0.0559445,0.0538882,0.0589601,10,0,0.073
1.565,0.35536,1.35043,54.7657,0.328271,2.85894,0.381778,2.17192,10,0.0542263,-0.126584,11.3415,0.0590031,-0.0559327,0.0536035,0.0435397,10,1,0.073
1.57,0.362797,1.62426,38.1189,0.340118,2.88303,0.391449,2.19604,10,0.0537351,-0.0698758,9.19164,0.059425,-0.0559191,0.0537211,0.0679988,10,1,0.074
1.575,0.371395,1.81485,27.051,0.351704,2.27783,0.401661,2.22062,10,0.0535007,-0.0239176,7.15405,0.0598272,-0.0205797,0.0539467,0.0833932,10,1,0.073
1.58,0.380807,1.95011,-46.2491,0.363609,2.28537,0.404856,1.25637,10,0.0534705,0.0118526,5.40969,0.06021,-0.0206871,0.0542569,0.092998,10,1,0.073
1.585,0.389979,1.71886,-26.6935,0.375518,2.28784,0.412759,1.31846,10,0.0535974,0.0389011,3.74377,0.0605712,-0.020793,0.0546021,0.0950577,10,1,0.073
1.59,0.39824,1.5854,-10.3974,0.387413,2.28526,0.420851,1.42943,10,0.0538387,0.05762,2.34056,0.0609102,-0.0208974,0.0549663,0.0927284,10,1,0.073
1.595,0.406037,1.53341,-60,0.399277,2.27763,0.420331,0.372506,10,0.054156,0.0693228,16.082,0.0612263,-0.0210005,0.0570051,0.310554,10,1,0.074
1.6,0.412954,1.23341,-60,0.411093,2.26498,0.424978,0.369754,10,0.0547037,0.149733,10.0537,0.0615192,-0.0211021,0.0580807,0.300538,10,1,0.073
1.605,0.418371,0.933408,-29.6444,0.422842,2.24731,0.429037,0.488742,10,0.055578,0.200001,5.27708,0.0617888,-0.0212023,0.0591717,0.279158,10,1,0.073
1.61,0.422668,0.785186,-60,0.434508,2.22465,0.424222,-0.577983,10,0.056644,0.226387,45.8732,0.0620352,-0.0213011,0.0652005,0.914484,10,1,0.074
1.615,0.425844,0.485186,-60,0.446072,2.19704,0.426356,-0.416902,10,0.0583493,0.455753,27.9609,0.0622588,-0.0213984,0.0683312,0.875166,10,1,0.073
1.62,0.42752,0.185186,-60,0.457518,2.16451,0.425825,-0.411064,10,0.0609776,0.595557,13.9223,0.0624601,-0.0214944,0.0714772,0.804392,10,1,0.074
1.625,0.427695,-0.114814,-60,0.468826,2.12711,0.417974,-1.18138,10,0.0641294,0.665169,76.3456,0.0626399,-0.0215889,0.0826958,1.81035,10,1,0.073
1.63,0.426371,-0.414814,-60,0.47998,2.08488,0.413867,-1.25248,10,0.0684096,1.0469,43.6266,0.0627992,-0.021682,0.089021,1.7013,10,1,0.074
1.635,0.423547,-0.714814,-60,0.49096,2.03788,0.407919,-1.36897,10,0.0741894,1.26503,18.3716,0.0629391,-0.0217737,0.0952317,1.5406,10,0,0.073
1.64,0.419223,-1.01481,-0.33806,0.501748,1.98618,0.403963,-1.01988,10,0.0807442,1.35689,-0.299656,0.0630607,-0.021864,0.101064,1.35239,10,0,0.075
1.645,0.414145,-1.0165,-0.0142511,0.512325,1.92985,0.398896,-1.01672,10,0.0875249,1.35539,29.0612,0.0631656,-0.021953,0.111125,1.79131,10,0,0.074
1.65,0.409062,-1.01658,33.7521,0.522671,1.86895,0.397611,-0.510293,10,0.0946651,1.5007,5.96911,0.0632551,-0.0220405,0.117847,1.59023,10,0,0.073
1.655,0.404401,-0.847815,48.5777,0.532769,1.80359,0.397149,-0.11915,10,0.102243,1.53054,-10.5892,0.0633308,-0.0221266,0.12401,1.3717,10,0,0.074
1.66,0.400769,-0.604926,49.7177,0.28527,1.75167,0.397289,0.140838,10,0.109764,1.4776,-21.6942,0.139043,-0.0222114,0.129487,1.15218,10,0,0.073
1.665,0.398366,-0.356338,51.3581,0.29804,1.80419,0.398799,0.414033,10,0.11688,1.36912,-28.4114,0.140425,-0.0222948,0.134221,0.942953,10,0,0.074
1.67,0.397227,-0.0995476,60,0.311014,1.85233,0.402337,0.780891,10,0.123371,1.22707,-31.7232,0.141752,-0.0223768,0.138208,0.751219,10,0,0.075
1.675,0.397479,0.200452,60,0.324169,1.89607,0.40692,1.05844,10,0.12911,1.06845,-32.4991,0.143014,-0.0224574,0.14148,0.580965,10,0,0.114
1.68,0.399231,0.500452,60,0.337486,1.93536,0.413407,1.38969,10,0.134046,0.905956,-31.4815,0.144202,-0.0225367,0.144093,0.433734,10,0,0.082
1.685,0.402483,0.800452,60,0.350942,1.97018,0.421179,1.69235,10,0.138182,0.748548,-25.6913,0.145307,-0.0226146,0.14652,0.363179,10,0,0.108
1.69,0.407236,1.10045,60,0.364518,2.0005,0.430523,2.00456,10,0.141603,0.620092,-24.1774,0.146321,-0.0226912,0.148185,0.257431,10,0,0.283
1.695,0.413488,1.40045,60,0.378192,2.02631,0.441249,2.30103,10,0.144402,0.499205,-22.0492,0.147236,-0.0227665,0.149409,0.168467,10,0,0.277
1.7,0.42124,1.70045,57.1632,0.391947,2.04759,0.453178,2.5579,10,0.146622,0.388959,-16.2438,0.148045,-0.0228404,0.150629,0.145302,10,1,0.197
1.705,0.430457,1.98627,41.286,0.406151,2.63477,0.464896,2.60556,10,0.148364,0.30774,-15.0546,0.14875,-0.0549304,0.151286,0.0819203,10,1,0.113
1.71,0.440904,2.1927,28.291,0.420009,2.65151,0.476978,2.61706,10,0.149714,0.232467,-13.6162,0.149328,-0.0548728,0.15167,0.0282231,10,1,0.074
1.715,0.452221,2.33415,-44.2869,0.433889,2.66204,0.482252,1.66985,10,0.150707,0.164385,-12.2196,0.149784,-0.0548139,0.151798,-0.0189085,10,1,0.101
1.72,0.463339,2.11272,-24.9145,0.447772,2.66639,0.492227,1.739,10,0.151376,0.103287,-10.6932,0.150118,-0.0547536,0.151722,-0.0571109,10,1,0.08
1.725,0.473591,1.98815,-12.1898,0.46164,2.66454,0.502042,1.8053,10,0.151758,0.0498213,-9.25935,0.150326,-0.0546921,0.151464,-0.0890689,10,1,0.079
1.73,0.483379,1.9272,-60,0.475474,2.65652,0.503914,0.810808,10,0.151892,0.00352459,-22.0705,0.15041,-0.0546292,0.149462,-0.327533,10,1,0.093
1.735,0.492265,1.6272,-60,0.489255,2.64234,0.510291,0.77626,10,0.151634,-0.106828,-15.4904,0.15037,-0.0545651,0.148289,-0.339184,10,1,0.073
1.74,0.499651,1.3272,-31.1411,0.502964,2.62201,0.516056,0.860082,10,0.150906,-0.18428,-10.2341,0.150209,-0.0544997,0.14699,-0.337792,10,1,0.073
1.745,0.505898,1.17149,-60,0.516583,2.59557,0.513774,-0.121343,10,0.149857,-0.235451,-48.3613,0.149931,-0.054433,0.140884,-0.96087,10,1,0.074
1.75,0.511005,0.871493,-60,0.530093,2.56304,0.517332,-0.0279546,10,0.148075,-0.477257,-29.1196,0.14954,-0.0543651,0.13764,-0.914051,10,1,0.124
1.755,0.514613,0.571493,-60,0.543474,2.52446,0.518326,-0.0764236,10,0.145324,-0.622855,-14.2572,0.149042,-0.054296,0.134378,-0.836713,10,1,0.075
1.76,0.51672,0.271493,-15.1071,0.556707,2.47986,0.519093,0.044886,10,0.142032,-0.694141,-3.24432,0.148443,-0.0542257,0.131255,-0.742806,10,1,0.073
1.765,0.517889,0.195957,-60,0.569772,2.42929,0.512699,-0.887972,10,0.138521,-0.710363,-63.9484,0.147752,-0.0541543,0.120671,-1.66959,10,1,0.074
1.77,0.518119,-0.104043,-60,0.582649,2.37281,0.510239,-0.946596,10,0.13417,-1.0301,-32.5557,0.146975,-0.0540816,0.115055,-1.51844,10,1,0.073
1.775,0.516848,-0.404043,-60,0.595316,2.31045,0.504799,-1.20257,10,0.128612,-1.19288,-8.99734,0.146123,-0.0540078,0.109707,-1.32784,10,0,0.073
1.78,0.514078,-0.704043,-60,0.607754,2.2423,0.497646,-1.48697,10,0.122535,-1.23787,-31.4953,0.145202,-0.0539329,0.100424,-1.7103,10,0,0.074
1.785,0.509808,-1.00404,-5.37054,0.61994,2.16841,0.494143,-1.0846,10,0.115952,-1.39535,-5.19516,0.144222,-0.0538568,0.0944375,-1.47327,10,0,0.074
1.79,0.504721,-1.0309,22.9667,0.631852,2.08887,0.491841,-0.686395,10,0.10891,-1.42132,13.316,0.143193,-0.0537796,0.0890887,-1.22158,10,0,0.103
1.795,0.499853,-0.916062,33.5334,0.390548,2.22253,0.489885,-0.413061,10,0.10197,-1.35474,25.3729,0.0717049,-0.0537013,0.0845036,-0.974148,10,0,0.074
1.8,0.495692,-0.748395,40.0139,0.400585,2.29949,0.488968,-0.148187,10,0.0955138,-1.22788,32.2746,0.072258,-0.053622,0.0807265,-0.743758,10,0,0.074
1.805,0.49245,-0.548326,52.1727,0.410812,2.37016,0.490095,0.234265,10,0.0897778,-1.0665,35.2106,0.0727996,-0.0535416,0.0777414,-0.538345,10,0,0.074
1.81,0.490361,-0.287462,53.3754,0.421208,2.43449,0.492054,0.513169,10,0.0848854,-0.890451,35.2278,0.0733271,-0.0534601,0.0754918,-0.362035,10,0,0.074
1.815,0.489591,-0.0205853,56.1321,0.431753,2.49238,0.495597,0.821396,10,0.0808735,-0.714313,33.2158,0.0738385,-0.0533777,0.0738956,-0.216075,10,0,0.073
1.82,0.49019,0.260075,60,0.44243,2.54378,0.500978,1.17833,10,0.0777171,-0.548233,26.386,0.0743313,-0.0532942,0.0724621,-0.152444,10,0,0.073
1.825,0.49224,0.560075,60,0.453219,2.58865,0.507435,1.46595,10,0.0753058,-0.416304,23.5686,0.0748035,-0.0532097,0.0717127,-0.062774,10,0,0.073
1.83,0.49579,0.860075,60,0.464103,2.62693,0.515405,1.75517,10,0.0735189,-0.29846,20.2374,0.0752531,-0.0531242,0.0713187,0.00510036,10,0,0.073
1.835,0.500841,1.16008,56.4736,0.474723,2.08568,0.524595,2.00718,10,0.0722796,-0.197273,13.4645,0.0756762,-0.0243536,0.0708352,0.00469379,10,1,0.073
1.84,0.507347,1.44244,45.1962,0.485738,2.10404,0.534068,2.12039,10,0.0714615,-0.129951,11.1663,0.0760761,-0.0243928,0.0707684,0.0375431,10,1,0.074
1.845,0.515124,1.66842,32.3525,0.496793,2.11748,0.54379,2.15371,10,0.0709513,-0.0741197,8.88838,0.0764485,-0.0244309,0.0708395,0.0592061,10,1,0.073
1.85,0.523871,1.83019,-39.4082,0.507872,2.12601,0.54689,1.23906,10,0.0706918,-0.0296777,6.86397,0.0767922,-0.0244678,0.0710189,0.0732818,10,1,0.074
1.855,0.532529,1.63315,-23.5048,0.518956,2.12962,0.554382,1.28057,10,0.0706292,0.00464212,4.91736,0.0771062,-0.0245037,0.0712521,0.0784026,10,1,0.073
1.86,0.540401,1.51562,-9.37613,0.530028,2.1283,0.56208,1.37498,10,0.0707139,0.0292289,3.2397,0.0773899,-0.0245384,0.0715168,0.0778245,10,1,0.073
1.865,0.547862,1.46874,-60,0.54107,2.12208,0.561436,0.341105,10,0.0709006,0.0454274,15.4603,0.0776428,-0.024572,0.0733212,0.277332,10,1,0.073
1.87,0.554455,1.16874,-60,0.552066,2.11096,0.565638,0.322274,10,0.0713209,0.122729,9.67634,0.0778649,-0.0246046,0.0742505,0.267874,10,1,0.073
1.875,0.559549,0.868741,-25.9007,0.562998,2.09497,0.569666,0.48023,10,0.0720555,0.171111,5.0788,0.0780563,-0.0246361,0.0751936,0.247293,10,1,0.073
1.88,0.563569,0.739237,-60,0.573848,2.07414,0.564708,-0.587371,10,0.0729746,0.196505,42.0292,0.0782174,-0.0246665,0.0806504,0.826942,10,1,0.073
1.885,0.566515,0.439237,-60,0.584598,2.04849,0.566416,-0.452516,10,0.0744825,0.406651,25.592,0.0783491,-0.0246959,0.0834613,0.79053,10,1,0.074
1.89,0.567962,0.139237,-60,0.595232,2.01807,0.565515,-0.465466,10,0.0768356,0.53461,12.701,0.0784521,-0.0247242,0.0862836,0.725125,10,1,0.073
1.895,0.567908,-0.160763,-2.64276,0.605731,1.98292,0.565199,-0.200404,10,0.0796674,0.598115,2.97998,0.0785279,-0.0247515,0.0889744,0.642815,10,1,0.182
1.9,0.567071,-0.173977,-60,0.616078,1.94309,0.55628,-1.26476,10,0.0826953,0.613015,64.0977,0.0785776,-0.0247777,0.0991015,1.57448,10,1,0.197
1.905,0.565451,-0.473977,-60,0.626253,1.89865,0.552117,-1.30388,10,0.0865616,0.933503,36.0538,0.078603,-0.0248029,0.10462,1.47431,10,1,0.092
1.91,0.562331,-0.773977,-28.9235,0.63624,1.84967,0.547468,-1.20783,10,0.0916797,1.11377,14.4497,0.0786057,-0.0248271,0.110012,1.33052,10,0,0.074
1.915,0.5581,-0.918594,-18.1957,0.64602,1.7962,0.542274,-1.19153,10,0.0974292,1.18602,37.4154,0.0785877,-0.0248503,0.119429,1.74725,10,0,0.073
1.92,0.553279,-1.00957,20.6724,0.655573,1.73835,0.540461,-0.699486,10,0.103827,1.3731,12.9786,0.0785509,-0.0248725,0.125884,1.56778,10,0,0.074
1.925,0.54849,-0.90621,39.3078,0.664882,1.67619,0.539319,-0.316593,10,0.110855,1.43799,-4.89965,0.0784973,-0.0248937,0.131873,1.3645,10,0,0.074
1.93,0.54445,-0.709671,43.4444,0.432323,1.60981,0.538693,-0.0580054,10,0.117983,1.41349,-17.2332,0.147768,-0.0249139,0.137247,1.155,10,0,0.073
1.935,0.541445,-0.492449,47.5574,0.444116,1.66099,0.539408,0.220912,10,0.124836,1.32733,-25.0454,0.149051,-0.0249332,0.141928,0.951646,10,0,0.073
1.94,0.539577,-0.254662,60,0.456115,1.70792,0.54219,0.603111,10,0.131159,1.2021,-29.297,0.150277,-0.0249515,0.145895,0.762645,10,0,0.073
1.945,0.539054,0.0453378,54.126,0.468297,1.75056,0.545823,0.857228,10,0.136803,1.05562,-30.8511,0.151437,-0.0249688,0.149167,0.592849,10,0,0.073
1.95,0.539957,0.315968,57.8807,0.480641,1.78888,0.551208,1.18418,10,0.141696,0.90136,-30.455,0.152522,-0.0249852,0.15179,0.444534,10,0,0.073
1.955,0.54226,0.605372,60,0.493125,1.82285,0.558149,1.51318,10,0.145822,0.749084,-25.4519,0.153526,-0.0250007,0.154195,0.367306,10,0,0.074
1.96,0.546037,0.905372,60,0.505728,1.85244,0.566398,1.80945,10,0.149249,0.621825,-24.1759,0.154441,-0.0250152,0.155857,0.259187,10,0,0.074
1.965,0.551314,1.20537,60,0.51886,2.39883,0.576163,2.1078,10,0.152056,0.500946,-22.2253,0.155273,-0.0504991,0.15707,0.167566,10,0,0.073
1.97,0.558091,1.50537,60,0.531646,2.42719,0.587341,2.39466,10,0.154283,0.389819,-16.7966,0.155986,-0.050392,0.158241,0.13787,10,1,0.115
1.975,0.566368,1.80537,47.8434,0.544492,2.44953,0.598831,2.52302,10,0.156022,0.305836,-15.4931,0.15659,-0.0502844,0.158867,0.0734396,10,1,0.1
1.98,0.575993,2.04459,32.6412,0.557377,2.46586,0.610334,2.53421,10,0.157358,0.228371,-13.9677,0.157083,-0.0501762,0.159212,0.0188557,10,1,0.094
1.985,0.586624,2.20779,-37.1338,0.570284,2.47618,0.615563,1.65079,10,0.158325,0.158532,-12.468,0.15746,-0.0500674,0.1593,-0.0284872,10,1,0.081
1.99,0.597198,2.02213,-22.2123,0.583192,2.48048,0.625031,1.68894,10,0.158962,0.0961924,-10.853,0.157719,-0.0499581,0.159184,-0.0666033,10,1,0.203
1.995,0.607031,1.91106,-11.7028,0.596084,2.47877,0.634381,1.73552,10,0.159307,0.0419272,-9.3369,0.15786,-0.0498483,0.158886,-0.0981263,10,1,0.314
